gene_list	o	e	sem	p
BR	77042	71740.5225	1919.7928806421296	0.0029
LG	55429	51591.7033	1482.48142011467	0.0061
LV	67	15.7528	4.832455630706016	0
