gene_list	o	e	sem	p
BR	77042	71732.3092	1926.2301698556396	0.0039
LG	55429	51569.0576	1475.6482612944542	0.0059
LV	67	15.6648	4.838510316017506	0
