gene_list	o	e	sem	p
BR	77042	71749.7959	1908.7805134032633	0.0043
LG	55429	51574.9874	1491.095069971063	0.0069
LV	67	15.6938	4.7720979507848735	0
