gene_list	o	e	sem	p
BR	77042	71757.1562	1924.3164056787741	0.0032
LG	55429	51582.3012	1477.6470666447779	0.0053
LV	67	15.7175	4.820956120085639	0
