gene_list	o	e	sem	p
BR	77042	71724.5589	1881.5745206072625	0.0027
LG	55429	51562.8833	1474.5473951973122	0.0065
LV	67	15.7556	4.82323491025473	0
